Stations_id;von_datum;bis_datum;Stationshoehe;geoBreite;geoLaenge;geoLaengeame;Bundesland
3;19500401;20110331;202;50.7827;6.0941;Aachen;Nordrhein-Westfalen
44;20070401;20240423;44;52.9336;8.237;Großenkneten;Niedersachsen
52;19760101;19880101;46;53.6623;10.199;Ahrensburg-Wulfsdorf;Schleswig-Holstein
71;20091201;20191231;759;48.2156;8.9784;Albstadt-Badkap;Baden-Württemberg
73;20070401;20240423;374;48.6183;13.062;Aldersbach-Kramersepp;Bayern
78;20041101;20240423;64;52.4853;7.9125;Alfhausen;Niedersachsen
91;20040901;20240423;304;50.7446;9.345;Alsfeld-Eifa;Hessen
96;20190409;20240423;50;52.9437;12.8518;Neuruppin-Alt Ruppin;Brandenburg
102;20020101;20240423;0;53.8633;8.1275;Leuchtturm Alte Weser;Niedersachsen
106;19990101;20061201;500;51.7976;10.4429;Altenau;Niedersachsen
125;19710104;20240423;742;47.8342;10.8667;Altenstadt;Bayern
131;20041101;20240423;296;51.0881;12.9326;Geringswalde-Altgeringswalde;Sachsen
142;19820101;20240423;511;48.406;11.3117;Altomünster-Maisbrunn;Bayern
150;20050701;20240415;215;49.7273;8.1164;Alzey;Rheinland-Pfalz
151;20050301;20240423;382;49.4691;11.8546;Amberg-Unterammersricht;Bayern
154;20050301;20240423;516;48.0197;12.2925;Amerang-Pfaffing;Bayern
161;20110901;20240423;75;50.4237;7.4202;Andernach;Rheinland-Pfalz
164;19560101;20240423;54;53.0316;13.9908;Angermünde;Brandenburg
167;20040901;20240423;11;53.8409;13.6854;Anklam;Mecklenburg-Vorpommern
175;19550101;19751231;413;49.2964;10.5751;Ansbach;Bayern
181;19990928;20081103;30;52.8761;11.5042;Arendsee;Sachsen-Anhalt
183;19730101;20240423;42;54.6791;13.4344;Arkona;Mecklenburg-Vorpommern
191;20041104;20240423;217;49.9694;9.9114;Arnstein-Müdesheim;Bayern
198;19610101;20240423;164;51.3744;11.292;Artern;Thüringen
217;20050101;20240423;670;47.8774;11.3643;Attenkam;Bayern
222;19820101;20240423;393;50.5908;12.7139;Aue;Sachsen
232;19550101;20240423;462;48.4253;10.9417;Augsburg;Bayern
257;20021101;20240423;240;48.727;8.2457;Baden-Baden-Geroldsau;Baden-Württemberg
259;20040701;20240423;275;47.8064;7.6387;Müllheim;Baden-Württemberg
268;19960718;20081231;622;48.5293;8.2727;Baiersbronn-Obertal;Baden-Württemberg
282;19610101;20240423;240;49.8743;10.9206;Bamberg;Bayern
284;19470101;19550101;282;49.88;10.88;Bamberg (Sternwarte);Bayern
294;20040701;20240423;110;52.3199;9.43;Barsinghausen-Hohenbostel;Niedersachsen
298;19810101;20240423;3;54.3405;12.7108;Barth;Mecklenburg-Vorpommern
303;19930819;20240423;55;52.0613;13.4997;Baruth;Brandenburg
314;20040501;20240423;234;51.1604;14.5042;Kubschütz, Kr. Bautzen;Sachsen
320;20060701;20240423;350;49.9666;11.5198;Heinersreuth-Vollhof;Bayern
326;20040701;20130708;120;51.7204;8.0577;Beckum-Unterberg;Nordrhein-Westfalen
330;20040801;20240423;455;49.5617;8.9673;Oberzent-Beerfelden;Hessen
342;20101201;20240423;103;52.317;8.1694;Belm;Niedersachsen
348;19891215;20110901;127;50.4135;7.5886;Bendorf;Rheinland-Pfalz
350;19990601;19991231;540;51.6715;10.7268;Benneckenstein;Sachsen-Anhalt
361;19480101;19760101;550;47.6344;13.0109;Berchtesgaden (KKst);Bayern
368;20020101;20240423;69;52.8152;9.9248;Bergen;Niedersachsen
377;20041001;20240423;210;49.107;7.9967;Bergzabern, Bad;Rheinland-Pfalz
379;20170901;20240423;304;50.9075;11.2665;Berka, Bad (Flugplatz);Thüringen
390;20040701;20240423;610;50.9837;8.3683;Berleburg, Bad-Stünzel;Nordrhein-Westfalen
399;19691201;20110801;36;52.5198;13.4057;Berlin-Alexanderplatz;Berlin
400;19910101;20240423;60;52.631;13.5021;Berlin-Buch;Berlin
403;20020101;20240423;51;52.4537;13.3017;Berlin-Dahlem (FU);Berlin
410;20040501;20200615;33;52.404;13.7309;Berlin-Kaniswall;Berlin
420;20070801;20230806;61;52.5447;13.5598;Berlin-Marzahn;Berlin
424;19610101;19810101;36;52.5;13.4667;Berlin-Ostkreuz;Berlin
427;19730101;20240423;46;52.3807;13.5306;Berlin Brandenburg;Brandenburg
430;19860101;20210505;36;52.5644;13.3088;Berlin-Tegel;Berlin
433;19510101;20240423;48;52.4676;13.402;Berlin-Tempelhof;Berlin
445;20050701;20240423;85;51.8218;11.711;Bernburg/Saale (Nord);Sachsen-Anhalt
450;20051101;20121204;120;49.9186;7.0664;Bernkastel-Kues;Rheinland-Pfalz
460;19610101;20240423;362;49.2641;6.6868;Berus;Saarland
474;19750601;19780601;599;48.1252;9.7639;Warthausen-Birkenhard;Baden-Württemberg
535;20040601;20240423;417;50.0372;7.3079;Blankenrath;Rheinland-Pfalz
553;19510101;19740901;25;51.838;6.6107;Bocholt (Marienschule);Nordrhein-Westfalen
554;19740901;20060228;23;51.8293;6.5365;Bocholt-Liedern (Wasserwerk);Nordrhein-Westfalen
555;20080101;20240423;110;51.5026;7.2289;Bochum;Nordrhein-Westfalen
591;19730101;20240423;45;53.3911;10.6878;Boizenburg;Mecklenburg-Vorpommern
596;19730101;20240423;15;54.0027;11.1908;Boltenhagen;Mecklenburg-Vorpommern
598;19490101;19570101;62;50.7285;7.0839;Bonn;Nordrhein-Westfalen
599;19840101;19971201;62;50.7055;7.1467;Bonn-Friesdorf;Nordrhein-Westfalen
603;20010403;20240423;147;50.7293;7.204;Königswinter-Heiderhof;Nordrhein-Westfalen
617;20040601;20240423;47;51.873;6.8863;Borken in Westfalen;Nordrhein-Westfalen
656;19480101;20240423;607;51.7234;10.6021;Braunlage;Niedersachsen
662;19510101;20240423;81;52.2915;10.4464;Braunschweig;Niedersachsen
685;20020101;20061031;585;49.9017;9.4281;Breitsol;Bayern
691;19490101;20240423;4;53.0451;8.7981;Bremen;Bremen
701;19490101;20240423;7;53.5332;8.5761;Bremerhaven;Bremen
704;19910101;20240423;11;53.4451;9.139;Bremervörde;Niedersachsen
722;19510101;20240423;1135;51.7986;10.6183;Brocken;Sachsen-Anhalt
755;20040601;20240423;340;49.5182;9.3213;Buchen, Kr. Neckar-Odenwald;Baden-Württemberg
757;20040601;20240423;445;47.9625;7.9983;Buchenbach;Baden-Württemberg
760;20171201;20240423;83;53.3629;9.9435;Rosengarten-Klecken;Niedersachsen
766;20020101;20240423;477;50.1745;7.0595;Büchel-Alflen;Rheinland-Pfalz
769;20020101;20240423;68;52.2817;9.089;Bückeburg;Niedersachsen
817;20050201;20240423;296;51.0306;8.8146;Burgwald-Bottendorf;Hessen
840;19910101;20240423;895;50.4313;12.6114;Carlsfeld;Sachsen
850;20020101;20240423;45;52.5959;10.0296;Celle;Niedersachsen
853;19510101;20240423;416;50.7913;12.872;Chemnitz;Sachsen
856;19910101;20240423;551;47.8843;12.5404;Chieming;Bayern
860;20231001;20240423;80;52.2731;10.0163;Algermissen-Groß Lobke;Niedersachsen
863;20071001;20120403;585;51.7904;10.347;Clausthal-Zellerfeld;Niedersachsen
867;19470101;20240423;344;50.3066;10.9679;Lautertal-Oberlauter;Bayern
876;19730101;19890101;314;51.304;13.0096;Collmberg;Sachsen
879;20020101;20030611;68;51.7667;14.2833;Cottbus (Flugplatz);Brandenburg
880;19560101;20240423;69;51.7759;14.3168;Cottbus;Brandenburg
891;19510101;20240423;5;53.8713;8.706;Cuxhaven;Niedersachsen
896;20040801;20240423;170;51.0778;10.8619;Dachwig;Thüringen
917;20040901;20240423;162;49.8809;8.6779;Darmstadt;Hessen
919;19580101;19720101;169;49.8697;8.6796;Darmstadt-Botanischer Garten;Hessen
920;19720101;19870929;108;49.8564;8.5929;Darmstadt (US-Air-Base);Hessen
953;19550101;20240423;481;49.7619;7.0542;Deuselbach;Rheinland-Pfalz
954;20000501;20240423;0;54.1796;7.4587;UFS Deutsche Bucht;Hamburg
963;19940103;20240423;38;52.5881;8.3424;Diepholz;Niedersachsen
979;20040901;20230313;314;50.7364;8.2672;Dillenburg;Hessen
982;19760101;19780601;420;48.5701;10.4985;Dillingen/Donau;Bayern
983;20061201;20240423;419;48.5562;10.56;Dillingen/Donau-Fristingen;Bayern
991;20050201;20240423;359;50.9116;13.7087;Dippoldiswalde-Reinberg;Sachsen
998;19961001;20090201;696;48.7968;8.4921;Dobel;Baden-Württemberg
1001;19810101;20240423;97;51.6451;13.5747;Doberlug-Kirchhain;Brandenburg
1048;19730101;20240423;228;51.1278;13.7543;Dresden-Klotzsche;Sachsen
1050;20060401;20240423;112;51.0221;13.847;Dresden-Hosterwitz;Sachsen
1051;20070301;20230814;119;51.0249;13.775;Dresden-Strehlen;Sachsen
1052;20040701;20240423;80;52.2174;12.1641;Möckern-Drewitz;Sachsen-Anhalt
1072;20040601;20240423;107;49.4719;8.1929;Dürkheim, Bad;Rheinland-Pfalz
1076;19960514;20090101;692;48.0135;8.5343;Dürrheim, Bad;Baden-Württemberg
1078;19760301;20240423;37;51.296;6.7686;Düsseldorf;Nordrhein-Westfalen
1103;20061001;20240423;592;48.1003;11.9872;Ebersberg-Halbing;Bayern
1107;20041201;20240423;346;49.852;10.4991;Ebrach;Bayern
1130;20020101;20050422;18;54.6282;9.3649;Eggebek;Schleswig-Holstein
1161;20050201;20240423;385;48.8778;11.2349;Eichstätt-Landershofen;Bayern
1197;19480101;20240423;463;48.9895;10.1312;Ellwangen-Rindelbach;Baden-Württemberg
1200;20020101;20240423;3;54.0691;9.0105;Elpersbüttel;Schleswig-Holstein
1207;20060301;20240423;558;50.2705;12.2742;Elster, Bad-Sohl;Sachsen
1214;20040801;20240423;431;48.2012;8.1088;Elzach-Fisnacht;Baden-Württemberg
1219;19710101;19981102;5;53.3449;7.1909;Emden-Nesserland;Niedersachsen
1221;19490101;19710101;0;53.3707;7.2236;Emden-Wolthusen;Niedersachsen
1224;20021201;20240423;201;48.1378;7.8351;Emmendingen-Mundingen;Baden-Württemberg
1228;20020101;20240423;0;54.1651;6.346;UFS TW Ems;Hamburg
1239;20040701;20080923;540;47.8516;8.7673;Engen/Hegau;Baden-Württemberg
1246;20150801;20240423;104;51.8418;8.0607;Ennigerloh-Ostenfelde;Nordrhein-Westfalen
1255;20021201;20240423;226;49.1661;8.8483;Eppingen-Elsenz;Baden-Württemberg
1262;19920517;20240423;446;48.3477;11.8134;München-Flughafen;Bayern
1266;20040601;20240423;18;54.2992;9.3162;Erfde;Schleswig-Holstein
1270;19510101;20240423;316;50.9829;10.9608;Erfurt-Weimar;Thüringen
1279;19861101;20240423;268;49.6497;11.0075;Möhrendorf-Kleinseebach;Bayern
1281;19941101;20010501;284;49.5653;10.9729;Erlangen-Frauenaurach;Bayern
1297;20041001;20240423;156;51.2041;10.0138;Eschwege;Hessen
1300;20040601;20240423;351;51.254;8.1565;Eslohe;Nordrhein-Westfalen
1303;19510101;20240423;150;51.4041;6.9677;Essen-Bredeney;Nordrhein-Westfalen
1327;20040801;20240423;147;50.7119;6.7905;Weilerswist-Lommersum;Nordrhein-Westfalen
1332;20050301;20240423;471;48.4832;12.7241;Falkenberg,Kr.Rottal-Inn;Bayern
1339;20020101;20240423;76;52.9157;10.1885;Faßberg;Niedersachsen
1341;20081201;20110929;0;54.6;11.15;Fehmarnbelt;Schleswig-Holstein
1346;19520101;20240423;1486;47.8748;8.0038;Feldberg/Schwarzwald;Baden-Württemberg
1357;20050301;20240423;655;49.9807;11.8376;Fichtelberg/Oberfranken-Hüttstadl;Bayern
1358;19510101;20240423;1213;50.4283;12.9536;Fichtelberg;Sachsen
1411;20070101;20240423;747;50.5309;10.0479;Birx/Rhön;Thüringen
1420;19810101;20240423;100;50.0259;8.5213;Frankfurt/Main;Hessen
1421;19620101;19840901;125;50.1474;8.6746;Frankfurt/Main (Stadt);Hessen
1424;20080801;20240423;121;50.1269;8.6694;Frankfurt/Main-Westend;Hessen
1425;19480101;19620101;103;50.1214;8.6604;Frankfurt/Main (Feldbergstr.);Hessen
1426;19610101;19850101;65;52.3397;14.508;Frankfurt/Oder;Brandenburg
1443;19510101;20240423;237;48.0232;7.8343;Freiburg;Baden-Württemberg
1451;20040601;20240423;2;53.8277;9.2493;Freiburg/Elbe;Niedersachsen
1468;19510101;20240423;797;48.4538;8.409;Freudenstadt;Baden-Württemberg
1473;20060101;20190228;414;49.1869;11.308;Freystadt-Michelbach;Bayern
1490;19650101;19770801;394;47.6454;9.4795;Friedrichshafen;Baden-Württemberg
1503;20121001;20240423;6;53.0643;7.902;Friesoythe-Altenoythe;Niedersachsen
1504;20020101;20240423;172;51.119;9.2799;Fritzlar/Eder;Hessen
1515;20021104;20030814;519;48.2;11.2667;Fürstenfeldbruck;Bayern
1526;20041101;20240423;245;50.5668;9.6532;Fulda-Horas;Hessen
1544;19510101;20240423;47;52.5129;11.3942;Gardelegen;Sachsen-Anhalt
1550;19480101;20240423;719;47.483;11.0621;Garmisch-Partenkirchen;Bayern
1572;20020101;20240423;80;50.9593;6.0392;Geilenkirchen-Neutevern;Nordrhein-Westfalen
1580;19460101;20240423;111;49.9859;7.9548;Geisenheim;Hessen
1583;19510101;19710101;823;50.7719;13.7732;Geisingberg;Sachsen
1584;20090601;20240423;673;47.9242;8.6474;Geisingen;Baden-Württemberg
1587;19910101;20240423;536;48.9481;11.4289;Gelbelsee;Bayern
1590;20030701;20240423;37;51.4942;6.2463;Geldern-Walbeck;Nordrhein-Westfalen
1602;20040701;20240423;177;48.433;7.993;Ohlsbach;Baden-Württemberg
1605;19820101;20240423;35;52.3875;12.1602;Genthin;Sachsen-Anhalt
1612;19730101;20240423;311;50.8812;12.1289;Gera-Leumnitz;Thüringen
1639;19500101;20240423;203;50.6017;8.6439;Gießen/Wettenberg;Hessen
1645;20040501;20240423;327;50.9656;9.05;Gilserberg-Moischeid;Hessen
1666;20020101;20240423;12;54.8273;9.5058;Glücksburg-Meierwik;Schleswig-Holstein
1684;19510101;20240423;239;51.1621;14.9506;Görlitz;Sachsen
1691;19480101;20240423;167;51.5002;9.9507;Göttingen;Niedersachsen
1694;19810101;20240423;59;53.6058;12.1034;Goldberg;Mecklenburg-Vorpommern
1721;20061001;20240423;506;49.664;11.2239;Gräfenberg-Kasberg;Bayern
1735;20050301;20240423;628;48.7894;13.629;Grainet-Rehberg;Bayern
1736;20020124;20240423;26;53.5731;10.6797;Grambek;Schleswig-Holstein
1757;19780101;20240423;2;54.0967;13.4056;Greifswald;Mecklenburg-Vorpommern
1758;19510101;19780101;2;54.1;13.45;Greifswald-Wieck;Mecklenburg-Vorpommern
1759;20001025;20240423;12;54.2437;13.9102;Greifswalder Oie;Mecklenburg-Vorpommern
1766;19891001;20240423;48;52.1344;7.6969;Münster/Osnabrück;Nordrhein-Westfalen
1792;20200814;20240423;27;52.7553;7.4815;Groß Berßen;Niedersachsen
1803;19910101;20240423;35;54.0714;12.3238;Groß Lüsewitz;Mecklenburg-Vorpommern
1832;19821101;20240423;1436;49.1129;13.1338;Großer Arber;Bayern
1833;19480101;19821101;1307;49.0851;13.2801;Grosser Falkenstein;Bayern
1834;19510101;19780701;913;50.8519;10.4665;Grosser Inselsberg;Thüringen
1863;20071201;20240423;258;50.2667;9.1854;Gründau-Breitenborn;Hessen
1869;19810101;20240423;56;53.3154;13.9339;Grünow;Brandenburg
1886;20160901;20240423;444;48.4878;10.2608;Günzburg;Bayern
1892;20020101;20131028;72;51.9298;8.3005;Gütersloh (Flugplatz);Nordrhein-Westfalen
1902;19841101;19871001;413;49.1273;10.7448;Gunzenhausen/Altmühlsee;Bayern
1957;19530101;20150323;93;51.5138;11.9499;Halle-Kröllwitz;Sachsen-Anhalt
1960;19600101;19710101;102;51.4831;11.9671;Halle (Stadt);Sachsen-Anhalt
1964;20050501;20240309;328;49.9445;6.3821;Olsdorf;Rheinland-Pfalz
1975;19490101;20240423;11;53.6332;9.9881;Hamburg-Fuhlsbüttel;Hamburg
1981;20050301;20240423;4;53.4776;9.8957;Hamburg-Neuwiedenthal;Hamburg
2014;19490101;20240423;55;52.4644;9.6779;Hannover;Niedersachsen
2023;20020101;20240423;501;48.7918;10.7062;Harburg;Bayern
2039;20061101;20240423;203;51.9002;10.5699;Harzburg, Bad;Niedersachsen
2044;19810101;20240423;404;51.652;11.1366;Harzgerode;Sachsen-Anhalt
2074;20040601;20240423;518;48.3752;8.98;Hechingen;Baden-Württemberg
2080;20040701;20120912;110;49.4206;8.6676;Heidelberg;Baden-Württemberg
2081;19480101;19550101;561;49.3981;8.7251;Königstuhl;Baden-Württemberg
2088;20040601;20050512;522;48.6849;10.142;Heidenheim/Brenz;Baden-Württemberg
2110;20030101;20240423;57;51.0411;6.1042;Heinsberg-Schleiden;Nordrhein-Westfalen
2115;19520501;20240423;4;54.175;7.892;Helgoland;Schleswig-Holstein
2158;19961001;20090101;350;48.8042;8.443;Herrenalb, Bad;Baden-Württemberg
2166;19820101;19910502;344;51.0167;14.75;Herrnhut;Sachsen
2167;20050301;20120402;302;49.7672;7.3356;Niederwörresbach;Rheinland-Pfalz
2171;19510101;20240423;272;50.852;9.7377;Hersfeld, Bad;Hessen
2174;20101101;20240423;236;51.6255;10.3695;Herzberg;Niedersachsen
2201;20050801;20240423;1;54.575;13.1044;Hiddensee-Vitte;Mecklenburg-Vorpommern
2211;20041001;20240423;295;50.737;7.6525;Hilgenroth;Rheinland-Pfalz
2244;19710101;20050901;1008;47.7327;8.1627;Höchenschwand;Baden-Württemberg
2252;20050701;20240423;271;50.8992;14.7456;Bertsdorf-Hörnitz;Sachsen
2261;19480101;20240423;565;50.3123;11.876;Hof;Bayern
2290;19470101;20240423;977;47.8009;11.0108;Hohenpeißenberg;Bayern
2303;20020101;20240423;10;54.3162;9.5385;Hohn;Schleswig-Holstein
2306;20050801;20240423;8;54.3194;10.6732;Hohwacht;Schleswig-Holstein
2315;20021101;20240423;80;51.7657;13.1666;Holzdorf-Bernsdorf;Brandenburg
2319;20050601;20240423;685;47.8823;11.6961;Holzkirchen;Bayern
2323;20060701;20240423;110;51.8529;9.4953;Bevern, Kr. Holzminden;Niedersachsen
2338;20020101;20051223;39;52.3333;7.55;Hopsten (Flugplatz);Nordrhein-Westfalen
2362;20040801;20240423;328;50.5651;7.4843;Hümmerich;Rheinland-Pfalz
2374;19490101;19740701;3;54.4752;9.0564;Husum;Schleswig-Holstein
2385;20020101;20240423;376;49.6927;7.3263;Idar-Oberstein;Rheinland-Pfalz
2410;19610102;20240423;364;48.7111;11.5363;Ingolstadt-Manching;Bayern
2423;20040301;20050702;712;47.6894;10.0416;Isny;Baden-Württemberg
2429;20020101;20240423;20;53.9897;9.5697;Itzehoe;Schleswig-Holstein
2437;20020101;20240423;21;54.457;9.5203;Schleswig-Jagel;Schleswig-Holstein
2444;19910801;20240423;155;50.9251;11.583;Jena (Sternwarte);Thüringen
2456;20011017;20050826;7;53.5322;7.8806;Jever;Niedersachsen
2477;19710101;19760101;728;47.5938;7.9597;Jungholz (Kühmoos);Baden-Württemberg
2480;20040901;20240423;108;50.0643;8.993;Kahl/Main;Bayern
2483;19510101;20240423;839;51.1803;8.4891;Kahler Asten;Nordrhein-Westfalen
2485;20110502;20240423;489;48.917;9.6871;Kaisersbach-Cronhütte;Baden-Württemberg
2486;20050301;20240423;271;49.4262;7.7557;Kaiserslautern;Rheinland-Pfalz
2488;19820101;20021001;516;48.7701;10.7876;Kaisheim-Neuhof;Bayern
2494;20020101;20131020;31;51.7329;6.2688;Kalkar;Nordrhein-Westfalen
2497;20040801;20240423;505;50.5014;6.5264;Kall-Sistig;Nordrhein-Westfalen
2503;19510101;20030505;487;50.6266;10.1455;Kaltennordheim;Thüringen
2521;19820101;19940401;374;48.6765;11.2961;Karlshuld;Bayern
2522;19480101;20081031;112;49.0382;8.3641;Karlsruhe;Baden-Württemberg
2532;19480101;20131031;231;51.2963;9.4424;Kassel;Hessen
2542;19750601;20160402;716;47.8652;10.6007;Kaufbeuren;Bayern
2559;19550101;20240423;705;47.7233;10.3348;Kempten;Bayern
2564;20020101;20240423;28;54.3776;10.1424;Kiel-Holtenau;Schleswig-Holstein
2565;19490101;19881015;17;54.3378;10.0929;Kiel-Kronshagen;Schleswig-Holstein
2575;20070523;20240423;432;49.1804;9.98;Kirchberg/Jagst-Herboldshausen;Baden-Württemberg
2578;20040701;20240423;14;53.9995;11.4341;Kirchdorf/Poel;Mecklenburg-Vorpommern
2597;19480101;20240423;282;50.224;10.0792;Kissingen, Bad;Bayern
2600;20050301;20240423;193;49.7363;10.1781;Kitzingen;Bayern
2601;19480101;20240423;822;50.2218;8.4469;Kleiner Feldberg/Taunus;Hessen
2618;20041001;20240423;732;50.8458;10.4803;Kleiner Inselsberg;Thüringen
2627;20040701;20240423;128;51.5554;13.8845;Schipkau-Klettwitz;Brandenburg
2629;20040701;20240423;46;51.7612;6.0954;Kleve;Nordrhein-Westfalen
2638;19650701;20240423;974;48.1054;8.7548;Klippeneck;Baden-Württemberg
2641;20040901;20240423;90;51.5185;12.9065;Klitzschen bei Torgau;Sachsen
2656;19550101;19900101;96;50.3519;7.5906;Koblenz;Rheinland-Pfalz
2667;19600101;20240423;91;50.8645;7.1575;Köln/Bonn;Nordrhein-Westfalen
2680;20050601;20240423;289;50.284;10.4456;Königshofen, Bad;Bayern
2691;19940401;19941101;378;48.6707;11.2173;Königsmoos-Untermaxfeld;Bayern
2693;19510101;19660101;380;50.1855;8.4698;Königstein/Taunus;Hessen
2700;20041201;20240423;416;48.8302;11.4872;Kösching;Bayern
2704;20040501;20240423;76;51.7511;12.0094;Köthen (Anhalt);Sachsen-Anhalt
2708;20060701;20240423;742;47.6652;11.0805;Kohlgrub, Bad (Rosshof);Bayern
2712;19710101;20240423;428;47.6952;9.1307;Konstanz;Baden-Württemberg
2738;19980101;19980201;776;47.6448;11.7438;Kreuth;Bayern
2750;20051101;20240423;310;50.2524;11.3209;Kronach;Bayern
2761;19750601;19780601;520;48.251;10.4163;Krumbach-Edenhausen;Bayern
2773;20020101;20240423;415;49.4283;11.9016;Kümmersbruck;Bayern
2794;19890101;20240423;40;52.9362;12.4093;Kyritz;Brandenburg
2796;20020101;20240423;41;53.9156;12.279;Laage-Kronskamp;Mecklenburg-Vorpommern
2812;19950101;20240423;156;48.3647;7.828;Lahr;Baden-Württemberg
2814;19750601;20240423;687;48.5122;9.7644;Merklingen;Baden-Württemberg
2829;19660101;20180710;617;48.0772;10.9144;Landsberg (Flugplatz);Bayern
2856;20040701;20240423;91;51.9173;13.0878;Langenlipsdorf;Brandenburg
2878;20170801;20240423;117;51.3909;11.8786;Lauchstädt, Bad;Sachsen-Anhalt
2886;20020101;20240423;539;48.2175;9.9097;Laupheim;Baden-Württemberg
2905;20020101;20240423;550;48.1849;10.8507;Lechfeld;Bayern
2907;19910101;20240423;7;54.7903;8.9514;Leck;Schleswig-Holstein
2920;19820101;19841101;365;48.7654;12.5121;Leiblfing;Bayern
2925;19560101;20240423;356;51.3932;10.3123;Leinefelde;Thüringen
2928;19510101;20240423;138;51.3151;12.4462;Leipzig-Holzhausen;Sachsen
2932;19720501;20240423;131;51.4347;12.2396;Leipzig/Halle;Sachsen
2947;20061001;20240423;286;51.1333;8.0348;Lennestadt-Theten;Nordrhein-Westfalen
2951;20040601;20240423;20;53.1007;11.4864;Lenzen/Elbe;Brandenburg
2953;20070401;20240423;854;47.8597;8.2308;Lenzkirch-Ruhbühl;Baden-Württemberg
2961;20020101;20240423;0;54.4996;10.2737;Leuchtturm Kiel;Schleswig-Holstein
2968;20081201;20240423;43;50.9894;6.9777;Köln-Stammheim;Nordrhein-Westfalen
2985;19910305;20240423;321;50.9383;14.2094;Lichtenhain-Mittelndorf;Sachsen
3015;19510101;20240423;98;52.2085;14.118;Lindenberg;Brandenburg
3023;19510101;20161231;22;52.5181;7.3081;Lingen;Niedersachsen
3028;19710401;20240423;157;51.7854;8.8388;Lippspringe, Bad;Nordrhein-Westfalen
3031;20040701;20240423;92;51.6336;8.3945;Lippstadt-Bökenförde;Nordrhein-Westfalen
3032;19490101;20240423;25;55.011;8.4125;List auf Sylt;Schleswig-Holstein
3034;20070101;20240423;496;50.4505;11.635;Lobenstein, Bad;Thüringen
3042;20080601;20240423;230;50.5617;8.2386;Löhnberg-Obershausen;Hessen
3044;20070701;20180601;22;52.7198;7.7472;Löningen;Niedersachsen
3083;20050101;20240423;57;51.9267;13.8797;Lübben-Blumenfelde;Brandenburg
3085;19510101;19850301;15;53.8773;10.6915;Lübeck;Schleswig-Holstein
3086;19850301;20240423;15;53.8025;10.6989;Lübeck-Blankensee;Schleswig-Holstein
3093;19541201;20240423;16;52.9724;11.1374;Lüchow;Niedersachsen
3098;19940101;20240423;387;51.2452;7.6425;Lüdenscheid;Nordrhein-Westfalen
3126;19550101;20240423;79;52.1029;11.5827;Magdeburg;Sachsen-Anhalt
3137;20080501;20230801;195;49.9656;8.2139;Mainz-Lerchenberg (ZDF);Rheinland-Pfalz
3139;19831101;20050101;509;48.2166;11.2965;Maisach-Gernlinden;Bayern
3145;19981201;20080901;30;54.18;10.5528;Malente, Bad-Gremsmühlen;Schleswig-Holstein
3147;19850101;20240423;390;48.7548;12.2118;Mallersdorf-Pfaffenberg-Oberlindhart;Bayern
3155;20040801;20240423;415;50.1015;6.8009;Manderscheid-Sonnenhof;Rheinland-Pfalz
3158;19890101;20240423;12;52.5468;14.5453;Manschnow;Brandenburg
3164;20060701;20240423;187;50.8492;8.7745;Cölbe, Kr. Marburg-Biedenkopf;Hessen
3166;19820101;20240423;639;50.6511;13.1469;Marienberg;Sachsen
3167;19621201;20240423;547;50.6621;7.9603;Marienberg, Bad;Rheinland-Pfalz
3170;20020101;20121221;9;54.4937;11.2411;Marienleuchte;Schleswig-Holstein
3181;20210801;20240423;360;49.4875;10.6277;Markt Erlbach-Hagenhofen;Bayern
3196;19810101;20240423;81;53.3222;11.9321;Marnitz;Mecklenburg-Vorpommern
3204;20080701;20240423;429;50.7335;10.8815;Martinroda;Thüringen
3226;20060801;20240423;107;51.7259;11.5109;Aschersleben-Mehringen;Sachsen-Anhalt
3231;19790101;20240423;450;50.5611;10.3771;Meiningen;Thüringen
3234;20050201;20240423;158;51.1294;13.4328;Klipphausen-Garsebach;Sachsen
3244;19750601;20240423;614;47.9821;10.1384;Memmingen;Bayern
3245;20020102;20021120;630;47.9833;10.2333;Memmingen (Flugplatz);Bayern
3246;20020101;20070613;181;50.3667;7.3167;Mendig;Rheinland-Pfalz
3254;20020102;20240423;19;52.7155;7.3176;Meppen;Niedersachsen
3257;20040601;20221001;278;49.4797;9.7832;Mergentheim, Bad;Baden-Württemberg
3268;20021101;20240423;900;48.1694;8.9433;Meßstetten-Appental;Baden-Württemberg
3271;20041101;20240423;314;48.8548;12.9189;Metten;Bayern
3274;19921001;19941001;415;49.507;6.5215;Mettlach-Orscholz (Kurort);Saarland
3278;20090401;20240423;354;48.5377;9.2734;Metzingen;Baden-Württemberg
3284;20050501;20240423;240;49.6692;9.0085;Michelstadt;Hessen
3287;19871001;20240423;453;49.7177;9.0997;Michelstadt-Vielbrunn;Hessen
3289;20041101;20240423;356;50.7281;11.7838;Schmieritz-Weltwitz;Thüringen
3307;20080401;20230102;984;47.4779;11.2653;Mittenwald-Buckelwiesen;Bayern
3319;20060901;20240423;239;49.7644;9.253;Röllbach;Bayern
3321;20230501;20240423;76;51.1313;6.3608;Mönchengladbach-Hilderath;Nordrhein-Westfalen
3340;20050501;20220329;265;50.4383;7.8061;Montabaur;Rheinland-Pfalz
3348;20040601;20240423;241;51.7209;9.8351;Moringen-Lutterbeck;Niedersachsen
3362;20020101;20240423;243;48.9721;8.8735;Mühlacker;Baden-Württemberg
3366;19550101;20240423;406;48.279;12.5024;Mühldorf;Bayern
3376;19910101;20240423;63;52.5176;14.1232;Müncheberg;Brandenburg
3379;19970701;20240423;515;48.1632;11.5429;München-Stadt;Bayern
3382;19480101;19540101;521;48.1441;11.6;München-Bogenhausen;Bayern
3385;19820101;19990331;515;48.166;11.5011;München-Nymphenburg;Bayern
3390;19490101;19920517;529;48.1369;11.7094;München-Riem;Bayern
3402;20021101;20240423;755;48.3851;9.4837;Münsingen-Apfelstetten;Baden-Württemberg
3404;19480101;19891001;62;51.9494;7.5906;Münster;Nordrhein-Westfalen
3426;20040601;20240423;127;51.566;14.7008;Muskau, Bad;Sachsen
3442;20041001;20240423;149;50.3574;8.7506;Nauheim, Bad;Hessen
3478;19760701;20050818;81;53.5468;13.1914;Neubrandenburg;Mecklenburg-Vorpommern
3484;20020101;20240423;380;48.7085;11.2147;Neuburg an der Donau;Bayern
3485;20050501;20240423;487;48.3114;10.3773;Neuburg/Kammel-Langenhaslach;Bayern
3490;20040901;20240423;111;50.5346;7.0853;Neuenahr, Bad-Ahrweiler;Rheinland-Pfalz
3509;20041001;20240423;78;53.102;13.0421;Stechlin-Menz;Brandenburg
3513;19890501;20240423;845;50.5003;11.1345;Neuhaus am Rennweg;Thüringen
3527;20040501;20240423;500;50.8923;9.405;Neukirchen-Hauptschwenda;Hessen
3540;20041101;20240423;195;50.8446;7.372;Neunkirchen-Seelscheid-Krawinkel;Nordrhein-Westfalen
3545;20050301;20240423;236;49.344;7.2297;Neunkirchen-Wellesweiler;Saarland
3552;19730101;20190408;38;52.9037;12.8071;Neuruppin;Brandenburg
3571;20080301;20240423;452;49.8174;11.8638;Neustadt am Kulm-Filchendorf;Bayern
3575;19540101;19830101;163;49.357;8.1405;Neustadt/Weinstraße;Rheinland-Pfalz
3577;19510101;19760701;64;53.3585;13.0502;Neustrelitz;Mecklenburg-Vorpommern
3591;20040601;20240423;350;50.6743;6.424;Nideggen-Schmidt;Nordrhein-Westfalen
3603;20020101;20240423;459;49.3895;9.9666;Niederstetten;Baden-Württemberg
3605;19750601;19780601;451;48.5334;10.2427;Niederstotzingen;Baden-Württemberg
3612;20070401;20240423;25;52.6711;9.2229;Nienburg;Niedersachsen
3621;20060101;20240423;435;48.8253;10.5067;Reimlingen;Bayern
3623;20020101;20240423;110;50.8294;6.6601;Nörvenich-Niederbolheim;Nordrhein-Westfalen
3631;19490101;20240423;12;53.7123;7.1519;Norderney;Niedersachsen
3639;20020101;20240423;26;53.7647;8.6584;Nordholz-Wanhöden;Niedersachsen
3659;19510101;19950327;627;50.3391;6.9501;Nürburg;Rheinland-Pfalz
3660;19950302;20240423;485;50.3602;6.8697;Nürburg-Barweiler;Rheinland-Pfalz
3667;20050301;20240423;369;49.4258;11.2539;Nürnberg-Netzstall;Bayern
3668;19510101;20240423;314;49.503;11.0549;Nürnberg;Bayern
3671;19790101;19810401;280;48.6321;9.3261;Nürtingen;Baden-Württemberg
3679;20061101;20240423;518;47.6187;12.1665;Kiefersfelden-Gach;Bayern
3702;20030101;20061231;515;47.878;7.8288;Münstertal-Obermünstertal;Baden-Württemberg
3730;19480101;20240423;806;47.3984;10.2759;Oberstdorf;Bayern
3734;20040701;20240423;232;49.128;9.3525;Obersulm-Willsbach;Baden-Württemberg
3739;20050301;20240423;596;49.4521;12.4365;Oberviechtach;Bayern
3761;19550101;20240423;276;49.207;9.5176;Öhringen;Baden-Württemberg
3791;19910101;20121001;11;53.1763;8.1824;Oldenburg;Niedersachsen
3811;19820701;20240423;150;51.296;13.0928;Oschatz;Sachsen
3815;19510101;20101130;95;52.2553;8.0534;Osnabrück;Niedersachsen
3821;19840801;20240423;244;51.0872;11.9293;Osterfeld;Sachsen-Anhalt
3836;20060301;20240423;314;50.4538;10.2211;Ostheim v.d. Rhön;Bayern
3857;20050101;20240423;886;47.6362;10.3892;Oy-Mittelberg-Petersthal;Bayern
3875;20050101;20240423;549;49.151;11.6897;Parsberg/Oberpfalz-Eglwang;Bayern
3879;19480101;19970101;409;48.5779;13.4694;Passau-Oberhaus;Bayern
3897;20020101;20240423;2;54.0893;10.8773;Pelzerhaken;Schleswig-Holstein
3904;20040901;20240423;152;49.5354;6.3789;Perl-Nennig;Saarland
3925;20050901;20240423;332;48.9329;8.6973;Pforzheim-Ispringen;Baden-Württemberg
3927;20040701;20240423;630;47.9345;9.2869;Pfullendorf;Baden-Württemberg
3939;20041001;20240423;382;49.1912;7.5879;Pirmasens;Rheinland-Pfalz
3946;19510101;20240423;387;50.4818;12.13;Plauen;Sachsen
3975;20050301;20240423;522;49.4777;11.5357;Pommelsbrunn-Mittelburg;Bayern
3987;18930101;20240423;81;52.3812;13.0622;Potsdam;Brandenburg
4018;19820101;19830901;550;48.1877;11.2206;Puch;Bayern
4024;19820101;20240423;40;54.3643;13.4771;Putbus;Mecklenburg-Vorpommern
4032;20061201;20240423;142;51.7953;11.132;Quedlinburg;Sachsen-Anhalt
4036;20070301;20240423;204;51.3895;11.5412;Querfurt-Mühle Lodersleben;Sachsen-Anhalt
4039;19880111;20240423;11;53.7331;9.8776;Quickborn;Schleswig-Holstein
4063;20030701;20240423;41;52.4461;8.5906;Rahden-Kleinendorf;Nordrhein-Westfalen
4094;20040601;20240423;441;47.8062;9.6206;Weingarten, Kr. Ravensburg;Baden-Württemberg
4104;19480101;20240423;365;49.0425;12.1019;Regensburg;Bayern
4127;20050101;20240423;347;50.9906;7.6958;Reichshof-Eckenhagen;Nordrhein-Westfalen
4154;20110201;20180630;345;51.18;7.2505;Remscheid-Lennep;Nordrhein-Westfalen
4160;20040701;20240423;478;48.7425;8.924;Renningen-Ihinger Hof;Baden-Württemberg
4169;20021101;20240423;131;48.6703;7.9939;Rheinau-Memprechtshofen;Baden-Württemberg
4174;20020101;20171220;40;52.2887;7.3866;Rheine-Bentlage;Nordrhein-Westfalen
4175;20040601;20240423;283;47.559;7.7721;Rheinfelden;Baden-Württemberg
4177;20081101;20240423;116;48.9726;8.3301;Rheinstetten;Baden-Württemberg
4189;20040801;20240423;534;48.1479;9.4596;Altheim, Kreis Biberach;Baden-Württemberg
4261;20060301;20240412;442;47.8753;12.128;Rosenheim;Bayern
4271;19470101;20240423;5;54.1803;12.0808;Rostock-Warnemünde;Mecklenburg-Vorpommern
4275;20041201;20240423;32;53.1289;9.3398;Rotenburg (Wümme);Niedersachsen
4280;20020101;20240423;386;49.2162;11.1035;Roth;Bayern
4287;20050101;20240423;415;49.3849;10.1732;Rothenburg ob der Tauber;Bayern
4294;19820101;19970101;360;48.4704;8.9687;Rottenburg-Kiebingen;Baden-Württemberg
4300;20040701;20240423;589;48.1815;8.6356;Rottweil;Baden-Württemberg
4301;20050301;20240423;102;49.8502;7.871;Kreuznach, Bad;Rheinland-Pfalz
4323;20050301;20240423;461;49.6468;7.8837;Ruppertsecken;Rheinland-Pfalz
4336;19620501;20240423;319;49.2128;7.1077;Saarbrücken-Ensheim;Saarland
4339;19560101;19710101;193;49.2231;7.0168;Saarbrücken-Sankt Johann;Saarland
4347;20001101;20030708;293;51.5909;10.5691;Sachsa, Bad;Niedersachsen
4349;20040601;20240423;251;48.9569;9.0711;Sachsenheim;Baden-Württemberg
4350;19710101;20081229;339;47.5619;7.9399;Säckingen, Bad (Bergseestr.);Baden-Württemberg
4354;20060101;20240423;457;48.7832;13.3146;Saldenburg-Entschenreuth;Bayern
4371;19500101;20240423;135;52.1042;8.7521;Salzuflen, Bad;Nordrhein-Westfalen
4373;19520101;19720101;29;52.8568;11.1319;Salzwedel;Sachsen-Anhalt
4377;20050901;20240423;518;50.3518;10.0034;Sandberg;Bayern
4393;19991201;20240423;5;54.3279;8.6031;Sankt Peter-Ording;Schleswig-Holstein
4411;20020124;20240423;155;49.9195;8.9672;Schaafheim-Schlierbach;Hessen
4445;19891001;20240423;609;51.7658;10.6533;Wernigerode-Schierke;Sachsen-Anhalt
4464;19890801;20240423;501;50.5679;11.8041;Schleiz;Thüringen
4466;19510101;20240423;43;54.5275;9.5487;Schleswig;Schleswig-Holstein
4477;20050531;20100501;993;47.8208;8.186;Schluchsee;Baden-Württemberg
4480;20040901;20240423;232;50.3447;9.5533;Schlüchtern-Herolz;Hessen
4485;20050201;20170301;296;50.725;10.4539;Schmalkalden, Kurort;Thüringen
4501;19780701;20240423;938;50.6545;10.7696;Schmücke;Thüringen
4508;20040801;20240423;649;50.2968;6.4194;Schneifelforsthaus;Rheinland-Pfalz
4517;19961001;20081201;635;48.7859;8.6451;Schömberg, Kr. Calw;Baden-Württemberg
4548;20070701;20240423;608;50.1847;12.0791;Schönwald/Ofr.-Brunn;Bayern
4559;20050501;20240423;398;49.1644;12.6175;Schorndorf-Knöbling;Bayern
4560;20050201;20220102;265;50.4925;9.1226;Schotten;Hessen
4584;19680401;19700401;444;48.3667;11.8;Schwaigermoos;Bayern
4592;20051201;20240423;356;49.3278;12.0871;Schwandorf;Bayern
4605;20041101;20240423;277;50.6441;11.1936;Schwarzburg;Thüringen
4625;19500101;20240423;59;53.6424;11.3871;Schwerin;Mecklenburg-Vorpommern
4629;19930401;19991201;37;54.5166;9.142;Schwesing;Schleswig-Holstein
4642;19761001;20240423;21;52.8911;11.7297;Seehausen;Sachsen-Anhalt
4651;20041101;20240423;189;51.904;10.1885;Seesen;Niedersachsen
4665;19690101;19750514;431;49.5281;7.0417;Selbach (Tholey);Saarland
4692;20080301;20181130;229;50.8534;7.9966;Siegen (Kläranlage);Nordrhein-Westfalen
4702;20021103;20071115;645;48.1;9.25;Sigmaringen (Flugplatz);Baden-Württemberg
4703;20021101;20240423;581;48.0719;9.1943;Sigmaringen-Laiz;Baden-Württemberg
4704;20050501;20240423;508;47.5776;9.7404;Sigmarszell-Zeisertsweiler;Bayern
4706;20050301;20240423;358;48.2718;13.0273;Simbach/Inn;Bayern
4709;20111101;20240423;445;49.9996;7.5981;Simmern-Wahlbach;Rheinland-Pfalz
4719;20020101;20070828;169;49.2447;8.8787;Sinsheim;Baden-Württemberg
4745;19660101;20240423;75;52.9604;9.793;Soltau;Niedersachsen
4748;20041101;20240423;185;51.3691;10.88;Sondershausen;Thüringen
4752;19510101;20080701;626;50.3746;11.1828;Sonneberg-Neufang;Thüringen
4763;20041001;20240423;265;51.0607;9.9266;Sontra;Hessen
4813;20200801;20240423;318;50.0806;11.0467;Staffelstein, Bad-Stublang;Bayern
4841;20040701;20240423;0;53.6946;8.8735;Steinau, Kr. Cuxhaven;Niedersachsen
4857;20040901;20240423;2;53.5534;9.6097;Mittelnkirchen-Hohenfelde;Niedersachsen
4878;20050201;20240423;504;51.6646;10.8811;Oberharz am Brocken-Stiege;Sachsen-Anhalt
4887;19480101;20240423;734;48.6656;9.8648;Stötten;Baden-Württemberg
4896;20050701;20221130;40;54.6654;9.805;Wagersrott;Schleswig-Holstein
4911;19940501;20240423;351;48.8275;12.5597;Straubing;Bayern
4926;19790401;20130514;224;48.7896;9.2167;Stuttgart (Neckartal);Baden-Württemberg
4927;19760101;19840801;286;48.7693;9.1814;Stuttgart-Stadt;Baden-Württemberg
4928;19770701;20240423;314;48.8281;9.2;Stuttgart (Schnarrenberg);Baden-Württemberg
4931;19880101;20240423;371;48.6883;9.2235;Stuttgart-Echterdingen;Baden-Württemberg
4933;19510101;19760101;401;48.7091;9.2147;Stuttgart-Hohenheim;Baden-Württemberg
4978;20021101;20240423;395;50.639;10.0228;Tann/Rhön;Hessen
4997;20050301;20240423;196;50.9771;12.3419;Starkenberg-Tegkwitz;Thüringen
5009;19730101;20240423;33;53.761;12.5574;Teterow;Mecklenburg-Vorpommern
5014;20040701;20240423;7;53.2758;8.9857;Worpswede-Hüttenbusch;Niedersachsen
5017;20051101;20240423;633;50.4002;11.3888;Teuschnitz;Bayern
5029;19750515;20240423;387;49.4737;7.0385;Tholey;Saarland
5046;20080301;20240423;501;49.8576;12.3542;Tirschenreuth-Lodermühl;Bayern
5049;19981106;20080501;846;47.8991;8.146;Titisee-Neustadt-Titisee;Baden-Württemberg
5064;20041201;20240423;37;51.2897;6.4437;Tönisvorst;Nordrhein-Westfalen
5068;19530101;19710101;80;51.5833;13;Torgau;Sachsen
5097;20050101;20240423;10;54.0654;12.7655;Tribsees;Mecklenburg-Vorpommern
5099;20080601;20240423;132;49.7326;6.6131;Trier-Zewen;Rheinland-Pfalz
5100;19410101;20240423;261;49.7479;6.6583;Trier-Petrisberg;Rheinland-Pfalz
5109;20020101;20240423;68;53.5998;13.3039;Trollenhagen;Mecklenburg-Vorpommern
5111;20060401;20240423;560;48.0311;12.5396;Trostberg;Bayern
5133;20040901;20240423;295;51.3344;8.9132;Twistetal-Mühlhausen;Hessen
5142;19510101;20240423;1;53.7445;14.0698;Ueckermünde;Mecklenburg-Vorpommern
5146;20040601;20240423;50;52.9414;10.5289;Uelzen;Niedersachsen
5149;20050101;20221004;318;49.5679;10.1969;Gollhofen;Bayern
5155;19480101;20140901;567;48.3837;9.9524;Ulm;Baden-Württemberg
5158;19890101;20240423;159;52.1601;11.1759;Ummendorf;Sachsen-Anhalt
5229;20040801;20240423;719;48.0453;8.4608;Villingen-Schwenningen;Baden-Württemberg
5275;20040601;20240423;105;49.2445;8.5374;Waghäusel-Kirrlach;Baden-Württemberg
5277;20020101;20090630;349;50.8119;9.128;Wahlen;Hessen
5279;20040901;20240423;167;51.6194;9.5749;Wesertal-Lippoldsberg;Hessen
5280;20070301;20240423;33;53.9224;10.2267;Wittenborn;Schleswig-Holstein
5282;19410101;19710101;246;51.1197;13.6744;Wahnsdorf bei Dresden;Sachsen
5300;20040701;20240423;380;50.2596;8.3607;Waldems-Reinborn;Hessen
5335;20060801;20240423;352;50.8963;10.5483;Waltershausen;Thüringen
5347;20010402;20240423;236;51.5039;9.1118;Warburg;Nordrhein-Westfalen
5349;19810101;20240423;73;53.5196;12.6654;Waren (Müritz);Mecklenburg-Vorpommern
5371;19480101;20240423;920;50.4973;9.9427;Wasserkuppe;Hessen
5397;19510101;20240423;440;49.6662;12.1844;Weiden;Bayern
5404;19750101;20240423;477;48.4024;11.6946;Weihenstephan-Dürnast;Bayern
5419;19510101;20070630;264;50.9751;11.3076;Weimar;Thüringen
5424;20070601;20240423;328;51.0177;11.3544;Weimar-Schöndorf;Thüringen
5426;19540101;20240423;553;49.3758;8.1212;Weinbiet;Rheinland-Pfalz
5431;19730101;19761001;24;53.0333;11.8;Weisen bei Wittenberge;Sachsen-Anhalt
5433;20040901;20240423;380;49.5534;6.812;Weiskirchen/Saar;Saarland
5440;19550101;20240423;439;49.0115;10.9308;Weißenburg-Emetzheim;Bayern
5467;19560701;20120921;1832;47.7035;12.0119;Wendelstein;Bayern
5480;20030910;20240423;85;51.5763;7.8879;Werl;Nordrhein-Westfalen
5490;19510101;20240423;233;51.8454;10.7686;Wernigerode;Sachsen-Anhalt
5516;19960531;20240423;3;54.5283;11.0606;Fehmarn;Schleswig-Holstein
5538;20050101;20240423;551;47.8827;11.1576;Wielenbach (Demollstr.);Bayern
5541;20040801;20240423;263;50.1321;8.3169;Wiesbaden-Auringen;Hessen
5546;19860701;20240423;187;52.1206;12.4586;Wiesenburg;Brandenburg
5562;20040601;20240423;571;48.6516;8.6801;Neubulach-Oberhaugstett;Baden-Württemberg
5629;19510101;20240423;105;51.8891;12.6446;Wittenberg;Sachsen-Anhalt
5640;20020101;20240423;10;53.5503;7.6672;Wittmundhafen;Niedersachsen
5643;20041101;20240423;68;53.1864;12.4949;Wittstock-Rote Mühle;Brandenburg
5663;19820101;19960101;118;53.4618;13.6099;Woldegk;Mecklenburg-Vorpommern
5664;20040701;20240423;296;48.2953;8.2391;Wolfach;Baden-Württemberg
5665;19900101;20100501;677;47.818;9.797;Wolfegg;Baden-Württemberg
5676;20100901;20240102;82;52.3962;10.6892;Wolfsburg (Südwest);Niedersachsen
5688;20181101;20240423;881;47.7004;8.1057;Dachsberg-Wolpadingen;Baden-Württemberg
5692;20040901;20240423;88;49.6051;8.3659;Worms;Rheinland-Pfalz
5705;19480101;20240423;268;49.7704;9.9576;Würzburg;Bayern
5715;20020101;20240423;49;52.4626;9.4245;Wunstorf;Niedersachsen
5717;20060901;20240423;134;51.2256;7.1052;Wuppertal-Buchenhofen;Nordrhein-Westfalen
5719;20041001;20091210;235;51.2051;7.2;Remscheid;Nordrhein-Westfalen
5731;20040801;20240423;395;47.6783;8.3801;Wutöschingen-Ofteringen;Baden-Württemberg
5732;19510101;19710101;9;54.6928;8.5271;Wrixum/Föhr;Schleswig-Holstein
5745;19810101;20240423;51;52.9664;13.3268;Zehdenick;Brandenburg
5750;20060301;20240423;264;51.0314;12.1495;Zeitz;Sachsen-Anhalt
5779;19710101;20240423;877;50.7313;13.7516;Zinnwald-Georgenfeld;Sachsen
5792;19500101;20240423;2956;47.421;10.9848;Zugspitze;Bayern
5797;20051201;20240423;349;50.6879;12.4329;Lichtentanne;Sachsen
5800;20020101;20240423;615;49.028;13.2385;Zwiesel;Bayern
5802;19480101;20031001;615;49.0007;13.2137;Zwieselberg;Bayern
5822;20040701;20240423;42;52.863;8.6989;Bassum;Niedersachsen
5825;20040501;20240423;40;52.6198;12.7867;Berge;Brandenburg
5832;19510101;19541201;50;53.1007;11.0455;Dannenberg;Niedersachsen
5839;19970701;20240423;0;53.3881;7.2287;Emden;Niedersachsen
5856;19970103;20240423;476;48.5451;13.3532;Fürstenzell;Bayern
5871;19970701;20240423;497;49.9463;7.2645;Hahn;Rheinland-Pfalz
5906;19480101;20240423;98;49.5063;8.5584;Mannheim;Baden-Württemberg
5930;19910101;20240423;1;54.641;10.0238;Schönhagen (Ostseebad);Schleswig-Holstein
5941;20070301;20240423;686;47.6754;12.4698;Reit im Winkl;Bayern
6093;20040501;20240423;62;53.2139;10.4704;Wendisch Evern;Niedersachsen
6105;20040501;20240423;15;54.3194;9.8051;Ostenfeld (Rendsburg);Schleswig-Holstein
6109;20040901;20240423;52;53.3837;14.3728;Grambow-Schwennenz;Mecklenburg-Vorpommern
6129;20041101;20240423;291;51.0594;14.4266;Sohland/Spree;Sachsen
6157;20071001;20240423;4;53.6411;8.0809;Wangerland-Hooksiel;Niedersachsen
6158;20041101;20240423;454;49.2249;10.6085;Weidenbach-Weiherschneidbach;Bayern
6159;20081201;20240423;8;52.9542;7.3197;Dörpen;Niedersachsen
6163;20010401;20240423;27;54.1654;10.3519;Dörnick;Schleswig-Holstein
6170;20040601;20240423;39;52.0192;14.7254;Coschen;Brandenburg
6182;20000401;20120327;404;48.7757;12.1743;Mallersdorf-Pfaffenberg;Bayern
6184;20020101;20090615;6;53.5333;8.1667;Wilhelmshaven (Flugplatz);Niedersachsen
6186;20040801;20190527;268;50.1989;7.8651;Nastätten;Rheinland-Pfalz
6192;19990801;20081101;115;49.8083;7.8458;Münster am Stein, Bad;Rheinland-Pfalz
6197;20020101;20240423;258;51.8664;9.271;Lügde-Paenbruch;Nordrhein-Westfalen
6199;20041001;20240423;17;54.2484;13.0419;Steinhagen-Negast;Mecklenburg-Vorpommern
6217;20041001;20240423;190;49.2406;6.9351;Saarbrücken-Burbach;Saarland
6242;20020107;20210701;64;50.4088;7.489;Mülheim-Kärlich;Rheinland-Pfalz
6243;20020101;20240423;96;49.2506;8.4422;Philippsburg KKW;Baden-Württemberg
6244;20020101;20240423;145;49.365;9.0804;Obrigheim;Baden-Württemberg
6245;20020101;20240423;180;49.0423;9.1733;Neckarwestheim KKW;Baden-Württemberg
6246;20020103;20240423;368;47.6213;8.2167;Waldshut KKW;Baden-Württemberg
6247;20020101;20240423;307;47.6078;8.1813;Dogern (Leibstadt);Baden-Württemberg
6254;20020101;20070702;19;53.5408;9.9528;Hamburg-Lotsenhöft;Hamburg
6255;20020107;20181231;351;49.4667;6.3968;Perl/Saar;Saarland
6256;20020101;20240423;201;47.91;7.5838;Bremgarten (Fessenheim);Baden-Württemberg
6258;20030101;20240423;461;47.6845;9.4409;Friedrichshafen-Unterraderach;Baden-Württemberg
6259;20040601;20240423;524;49.021;9.6033;Großerlach-Mannenweiler;Baden-Württemberg
6260;20021201;20240423;381;49.3328;9.704;Ingelfingen-Stachenhausen;Baden-Württemberg
6262;20021101;20240423;412;48.7695;9.8737;Schwäbisch Gmünd-Weiler;Baden-Württemberg
6263;20040701;20240423;445;47.7738;8.8219;Singen;Baden-Württemberg
6264;20040601;20240423;457;51.414;8.65;Brilon-Thülen;Nordrhein-Westfalen
6265;20040501;20240423;36;52.3613;12.3867;Wusterwitz;Brandenburg
6266;20040901;20240423;112;52.0304;10.9626;Huy-Pabstorf;Sachsen-Anhalt
6272;20041001;20240423;284;50.8426;10.2518;Salzungen, Bad-Gräfen-Nitzendorf;Thüringen
6273;20040601;20240423;36;52.5075;11.8551;Demker;Sachsen-Anhalt
6275;20040701;20240423;327;48.6705;9.4627;Notzingen;Baden-Württemberg
6305;20041201;20240423;193;51.2061;10.4978;Mühlhausen/Thüringen-Görmar;Thüringen
6310;20040801;20240423;1;54.1049;13.8239;Karlshagen;Mecklenburg-Vorpommern
6312;20041101;20200930;362;49.5314;10.6418;Markt Erlbach-Mosbach;Bayern
6314;20050801;20240423;306;51.0507;13.3003;Nossen;Sachsen
6336;20051101;20240423;288;50.0132;9.654;Lohr/Main-Halsbach;Bayern
6337;20040801;20240423;59;51.7663;7.5194;Lüdinghausen-Brochtrup;Nordrhein-Westfalen
6344;20041201;20240423;168;50.394;8.1423;Runkel-Ennerich;Hessen
6346;20050201;20240423;531;48.207;11.2035;Maisach-Galgen;Bayern
6347;20050301;20240423;305;50.0579;10.2972;Schonungen-Mainberg;Bayern
7075;20050201;20240423;429;48.702;11.8493;Elsendorf-Horneck;Bayern
7099;20041101;20211004;187;52.0111;10.3966;Liebenburg-Othfresen;Niedersachsen
7105;20050601;20240423;719;47.835;12.6548;Siegsdorf-Höll;Bayern
7106;20060901;20240423;105;52.0714;8.4565;Bielefeld-Deppendorf;Nordrhein-Westfalen
7135;19750601;19960701;565;47.9655;9.6804;Aulendorf-Haslach;Baden-Württemberg
7187;20041201;20240423;194;49.7636;9.4063;Freudenberg/Main-Boxtal;Baden-Württemberg
7244;19810101;20040930;62;53.1424;13.0319;Neuglobsow (HM);Brandenburg
7298;20050701;20240423;4;54.5268;9.0425;Hattstedt;Schleswig-Holstein
7319;20050301;20240423;435;48.7374;10.7393;Donauwörth-Osterweiler;Bayern
7321;20050901;20240423;160;51.1507;11.3321;Olbersleben;Thüringen
7329;20051101;20240423;465;50.5467;12.2863;Treuen;Sachsen
7330;20051001;20240423;159;51.4633;7.978;Arnsberg-Neheim;Nordrhein-Westfalen
7331;20050901;20240423;467;48.6099;10.2674;Hermaringen-Allewind;Baden-Württemberg
7341;20050716;20240423;119;50.09;8.7862;Offenbach-Wetterpark;Hessen
7343;20060401;20240423;689;50.62;13.4817;Deutschneudorf-Brüderwiese;Sachsen
7350;20060801;20240423;585;49.1088;12.8231;Prackenbach-Neuhäusl;Bayern
7351;20050908;20240423;115;53.3176;13.4175;Feldberg/Mecklenburg;Mecklenburg-Vorpommern
7364;20070101;20240423;74;51.6818;12.3053;Jeßnitz;Sachsen-Anhalt
7367;20071201;20240423;144;51.9643;9.8072;Alfeld;Niedersachsen
7368;20071101;20240423;312;51.0007;10.3621;Eisenach;Thüringen
7369;20071101;20240423;475;49.1623;10.3661;Feuchtwangen-Heilbronn;Bayern
7370;20061211;20240423;499;49.391;12.6838;Waldmünchen;Bayern
7373;20060301;20240423;3;53.5984;6.7024;Borkum-Flugplatz;Niedersachsen
7374;20060301;20240423;46;52.0813;6.9409;Ahaus;Nordrhein-Westfalen
7389;20061201;20240423;83;52.7461;13.8427;Heckelberg;Brandenburg
7393;20100101;20240423;116;51.4492;14.2533;Hoyerswerda;Sachsen
7394;20060601;20240423;622;50.0315;11.9745;Wunsiedel-Schönbrunn;Bayern
7395;20071201;20240423;351;48.6595;12.5388;Gottfrieding;Bayern
7396;20080501;20240423;740;50.5084;9.2246;Hoherodskopf/Vogelsberg;Hessen
7403;20070330;20240423;672;47.7955;10.0325;Leutkirch-Herlazhofen;Baden-Württemberg
7410;20110201;20240423;350;50.7513;9.0224;Neu-Ulrichstein;Hessen
7412;20061001;20240423;340;50.0083;9.4238;Neuhütten/Spessart;Bayern
7419;20061201;20240423;389;50.661;12.0756;Langenwetzendorf-Göttendorf;Thüringen
7420;20070401;20240423;246;51.1044;11.7112;Naumburg/Saale-Kreipitzsch;Sachsen-Anhalt
7424;20061201;20240423;457;47.7724;12.9073;Piding;Bayern
7427;20070901;20240423;17;54.0188;9.9255;Padenstedt (Pony-Park);Schleswig-Holstein
7428;20070501;20240423;397;50.4167;10.8156;Veilsdorf;Thüringen
7431;20071101;20240423;604;48.013;11.5524;Oberhaching-Laufzorn;Bayern
7432;20070501;20240423;71;52.6423;10.6628;Wittingen-Vorhop;Niedersachsen
13667;20061123;20080706;274;48.0006;7.845;Freiburg-Mitte;Baden-Württemberg
13670;20070601;20240423;24;51.5088;6.7018;Duisburg-Baerl;Nordrhein-Westfalen
13674;20070801;20240423;237;49.2943;8.9053;Waibstadt;Baden-Württemberg
13675;20071101;20240423;75;52.0818;9.4077;Hameln-Hastenbeck;Niedersachsen
13696;20071201;20240423;60;51.5966;7.4048;Waltrop-Abdinghof;Nordrhein-Westfalen
13700;20080501;20240423;203;51.3329;7.3412;Gevelsberg-Oberbröking;Nordrhein-Westfalen
13710;20080401;20240423;490;48.5734;12.2576;Landshut-Reithof;Bayern
13711;20071201;20240423;289;50.682;11.515;Krölpa-Rockendorf;Thüringen
13713;20071101;20240423;386;51.0899;7.6289;Meinerzhagen-Redlendorf;Nordrhein-Westfalen
13776;20080301;20110104;85;52.1789;9.9524;Hildesheim-Drispenstedt;Niedersachsen
13777;20080601;20240423;109;52.2467;10.9592;Helmstedt-Emmerstedt;Niedersachsen
13904;20080915;20100426;3;55;6.3333;Nordseeboje 2;Hamburg
13965;20081201;20240423;619;48.2639;8.8134;Balingen-Bronnhaupten;Baden-Württemberg
14003;19610103;19920629;728;47.8619;10.6144;Kaufbeuren (Flugplatz);Bayern
15000;20110401;20240423;231;50.7983;6.0244;Aachen-Orsbach;Nordrhein-Westfalen
15207;20131101;20240423;317;51.2835;9.359;Schauenburg-Elgershausen;Hessen
15444;20140901;20240423;593;48.4418;9.9216;Ulm-Mähringen;Baden-Württemberg
15555;20160501;20240423;815;47.8761;10.5849;Kaufbeuren-Oberbeuren;Bayern
15813;20220301;20240423;40;52.5126;7.4131;Lingen-Baccum;Niedersachsen
19171;20200901;20240423;13;54.0039;9.8555;Hasenkrug-Hardebek;Schleswig-Holstein
19172;20200901;20240423;48;54.0246;9.388;Wacken;Schleswig-Holstein
19207;20230401;20240423;16;53.8178;12.0645;Gülzow-Prüzen;Mecklenburg-Vorpommern
11;19800901;20240423;680;47.9736;8.5205;Donaueschingen (Landeplatz);Baden-Württemberg
72;19780901;19950531;794;48.2766;9.0001;Albstadt-Onstmettingen;Baden-Württemberg
90;19880219;20240423;305;50.7557;9.2583;Alsfeld;Hessen
126;19791101;20101130;330;49.5447;10.2213;Uffenheim (Schulstr.);Bayern
176;19760601;19951130;481;49.2475;10.5826;Ansbach-Claffheim;Bayern
193;19790901;19871231;232;51.3845;9.082;Arolsen-Neu Berich;Hessen
197;19900801;20240423;365;51.3219;9.0558;Arolsen-Volkhardinghausen, Bad;Hessen
341;19680201;19930131;235;47.7277;7.552;Bellingen, Bad;Baden-Württemberg
594;19950101;20000301;425;48.6407;9.6136;Boll, Bad (KKst);Baden-Württemberg
619;19870501;20240423;12;53.5788;6.6703;Borkum-Süderstraße;Niedersachsen
634;19800301;19910331;373;49.4442;9.6458;Boxberg-Seehof;Baden-Württemberg
635;19800501;19900930;378;49.45;9.6333;Boxberg-Seehof (West);Baden-Württemberg
636;19811101;19910331;373;49.45;9.65;Boxberg-Seehof (Wind-3m);Baden-Württemberg
642;19810101;20240423;4;53.3518;8.4969;Brake;Niedersachsen
675;19800701;19880229;218;48.0333;7.6;Breisach-Eckartsberg;Baden-Württemberg
706;19690901;19920831;234;47.8858;7.6611;Eschbach;Baden-Württemberg
728;19810201;19861231;1016;48.8171;13.2176;Brotjacklriegel (UBA);Bayern
743;19750101;19980501;73;51.2;6.1333;Brüggen (Flugplatz);Nordrhein-Westfalen
748;19660101;20080930;5;53.8887;9.1411;Brunsbüttel (Schleuse);Schleswig-Holstein
781;19880101;19940331;221;51.6126;8.619;Bühren-Ahden;Nordrhein-Westfalen
788;19650101;20240423;3;54.1193;8.8584;Büsum;Schleswig-Holstein
829;19830502;19970831;479;50.396;8.5465;Butzbach-Bodenrod;Hessen
909;19860101;19931130;54;54.0551;10.2984;Damsdorf;Schleswig-Holstein
950;19850101;19930228;194;51.95;8.9;Detmold;Nordrhein-Westfalen
981;19820501;20011231;193;49.3531;6.749;Dillingen (Saar);Saarland
1010;19870401;20080923;5;52.9732;7.3209;Dörpen (Kläranlage);Niedersachsen
1011;19901011;20240423;442;49.6017;7.7413;Dörrmoschel-Felsbergerhof;Rheinland-Pfalz
1013;19800401;20240423;309;47.6026;8.1697;Dogern;Baden-Württemberg
1035;19931201;20001130;122;51.5206;7.6161;Dortmund-Wickede;Nordrhein-Westfalen
1126;19840401;19990130;117;49.96;8.64;Egelsbach;Hessen
1163;19761101;20070224;4;54.2667;8.85;Eidersperrwerk;Schleswig-Holstein
1261;19690101;19920731;460;48.3192;11.944;Erding;Bayern
1347;19800301;19870131;962;47.8555;8.1155;Feldberg-Altglashütten;Baden-Württemberg
1359;19820101;19921126;705;50.0242;11.2219;Fichtelberg/Ofr;Bayern
1379;19821201;20240423;41;54.7737;9.3753;Flensburg (Schäferhaus);Schleswig-Holstein
1415;19760601;19881231;100;50.0333;8.5333;Frankfurt (07W);Hessen
1416;19840401;19871231;97;50.0167;8.5333;Frankfurt (18W);Hessen
1422;19730801;19890430;114;50.0972;8.6936;Frankfurt (Henninger Turm);Hessen
1423;19720501;19871231;111;50.0496;8.5887;Frankfurt/Main (Terminal);Hessen
1467;19980101;20091231;736;48.4607;8.4141;Freudenstadt-Kurgarten;Baden-Württemberg
1505;19750101;20071031;222;51.1333;9.2833;Fritzlar-Kasseler Warte;Hessen
1672;19740101;19780630;19;51.6833;6.1667;Goch;Nordrhein-Westfalen
1689;19900701;19920630;441;49.7656;11.3062;Gößweinstein;Bayern
1831;19830901;20040827;1449;49.1129;13.1365;Großer Arber (Ost);Bayern
1874;19800401;19921124;320;51.8;10.2167;Grund, Bad (Erzbergwerk);Niedersachsen
1920;19790401;20030331;100;51.4129;7.4895;Hagen-Fley;Nordrhein-Westfalen
1922;19790101;19860228;111;51.3598;7.4717;Hagen (Stadtsparkasse);Nordrhein-Westfalen
1963;19690101;20240423;4;54.5742;8.5133;Hallig Hooge;Schleswig-Holstein
1987;19690101;19970331;47;53.5467;9.9662;Hamburg-Sankt Pauli;Hamburg
1993;19761201;20240423;68;52.0848;9.3896;Hameln;Niedersachsen
2055;19871113;20141228;292;50.0493;10.4947;Haßfurt;Bayern
2093;19690101;19820930;30;53.8562;9.8227;Heidmoor;Schleswig-Holstein
2100;20181201;20191117;4;54.186;7.9119;Helgoland-Düne;Schleswig-Holstein
2207;19740301;19781231;91;52.1833;9.95;Hildesheim (Flugplatz);Niedersachsen
2228;19790101;20041231;883;47.8983;8.1055;Hinterzarten;Baden-Württemberg
2253;19831001;19960731;10;54.7667;8.2833;Hörnum/Sylt;Schleswig-Holstein
2349;19891030;20240423;1138;48.6136;8.2033;Hornisgrinde;Baden-Württemberg
2377;19810101;20240423;362;47.7001;7.5895;Kandern-Gupf;Baden-Württemberg
2465;19810501;19901231;0;53.5083;9.7376;Jork-Moorende;Niedersachsen
2482;19781201;19800430;741;51.1806;8.49;Kahler Asten (A);Nordrhein-Westfalen
2493;19800101;19940531;2;54.4333;10.3667;Kalifornien;Schleswig-Holstein
2573;19870610;20240423;470;47.9588;12.7717;Waging am See-Schnöbling;Bayern
2757;19720101;19831231;238;47.9077;7.702;Krozingen, Bad;Baden-Württemberg
2758;19800701;19900630;202;47.9585;7.6578;Krozingen, Bad-Hausen;Baden-Württemberg
2798;19750101;19980531;32;51.6;6.15;Laarbruch;Nordrhein-Westfalen
2889;19710101;19781031;300;51.6323;10.4737;Lauterberg, Bad (A);Niedersachsen
2897;19900830;20240423;522;50.5808;9.2857;Lautertal-Hörgenau;Hessen
2906;19710101;19741031;5;54.775;8.9808;Leck (A);Schleswig-Holstein
2926;19710101;19891231;477;48.4333;10.2333;Leipheim (Flugplatz);Bayern
2954;19870401;20041228;990;47.8919;8.1788;Lenzkirch-Saig;Baden-Württemberg
3017;19840701;20100331;341;49.68;8.7823;Lindenfels;Hessen
3046;19800201;19910331;20;52.7333;7.7333;Löningen-Schnetlage;Niedersachsen
3096;19690101;19951231;444;51.2131;7.6359;Lüdenscheid (Zeppelin-Gymnasium);Nordrhein-Westfalen
3103;19761201;19971231;11;53.2657;10.424;Lüneburg;Niedersachsen
3138;19790101;19890216;200;49.9798;8.1668;Mainz-Finthen;Rheinland-Pfalz
3228;19810101;19970331;506;51.0976;7.667;Meinerzhagen (A);Nordrhein-Westfalen
3256;19850101;19891031;193;48.0167;7.6667;Merdingen;Baden-Württemberg
3300;19781201;19930531;155;50.2285;9.1064;Mittel-Gründau;Hessen
3369;19800101;20060315;42;53.6;10.4833;Mühlenrade;Schleswig-Holstein
3493;19800701;19900731;223;47.8333;7.5833;Neuenburg-Zinken;Baden-Württemberg
3518;19710101;19931231;793;47.976;8.9101;Neuhausen ob Eck;Baden-Württemberg
3534;19810301;20240423;584;49.2713;11.4881;Neumarkt-Höhenberg;Bayern
3542;19751101;19950531;271;49.35;7.1667;Neunkirchen/Saar;Saarland
3651;19920402;20240423;111;51.7521;9.945;Northeim-Stöckheim;Niedersachsen
3657;19830601;20150831;341;50.9081;7.5543;Nümbrecht auf dem Lindchen;Nordrhein-Westfalen
3661;19600101;19780331;307;49.45;11.0667;Nürnberg (Hochhaus);Bayern
3775;19780101;19981216;100;50.1029;8.7468;Offenbach/Main (Zentrallabor);Hessen
3905;19900829;20240423;407;49.5214;6.4476;Perl-Sinz-Renglischberg;Saarland
3921;19740601;19960430;396;49.85;7.6;Pferdsfeld;Rheinland-Pfalz
3954;19700701;19960930;26;54.1603;10.4345;Plön (Max-Planck-Institut);Schleswig-Holstein
3988;18930101;20020831;81;52.3822;13.0622;Potsdam (Säkularstation);Brandenburg
4225;19790601;20190412;373;49.2195;12.536;Roding-Wetterfeld;Bayern
4279;19890418;20240423;593;50.3046;6.3863;Roth bei Prüm;Rheinland-Pfalz
4335;19770701;19830630;206;49.25;6.95;Saarbrücken (Röchling);Saarland
4338;19750701;19880126;191;49.217;7.0199;Saarbrücken (Wasserwerk);Saarland
4343;19790101;19931130;180;49.3256;6.7354;Saarlouis;Saarland
4386;19790301;20011201;795;47.761;8.1247;Sankt Blasien;Baden-Württemberg
4424;19660406;19861231;1205;47.9139;7.9083;Schauinsland (UBA);Baden-Württemberg
4549;19770701;19950831;1021;48.1002;8.1969;Schönwald/Schwarzwald;Baden-Württemberg
4556;19720901;20000831;904;48.1402;8.1991;Schonach;Baden-Württemberg
4583;19911126;20081226;300;48.7868;9.7456;Schwäbisch Gmünd (Wind);Baden-Württemberg
4663;19820201;20110412;535;50.1633;12.1188;Selb/Selbbach;Bayern
4678;19700101;19880729;1;53.5833;8.0333;Sengwarden;Niedersachsen
4735;19770101;19861231;123;48.7833;8.0833;Söllingen;Baden-Württemberg
4880;19841201;20240423;450;49.0878;10.124;Stimpfach-Weipertshofen;Baden-Württemberg
4886;19751101;20070526;3;53.8333;9.3667;Störsperrwerk;Schleswig-Holstein
4919;19771001;20240423;7;54.4965;8.8069;Strucklahnungshörn;Schleswig-Holstein
4929;19840901;19850531;311;48.8333;9.2;Stuttgart (Schnarrenberg Aero);Baden-Württemberg
4947;19880817;20240423;129;52.2317;10.92;Süpplingen;Niedersachsen
5059;19840101;19950531;781;47.7279;7.9988;Todtmoos;Baden-Württemberg
5063;19580101;19751031;724;47.7566;11.5819;Tölz, Bad;Bayern
5078;19710101;20240423;2;53.9619;10.8892;Travemünde;Schleswig-Holstein
5095;19771201;20010901;700;48.1288;8.233;Triberg (Kurpark);Baden-Württemberg
5120;19690101;19811031;370;48.5198;9.0515;Tübingen;Baden-Württemberg
5128;19790601;19901130;668;47.9682;8.7899;Tuttlingen-Möhringen-Vorstadt;Baden-Württemberg
5154;19740101;19960930;576;48.4;9.9833;Ulm-Wilhelmsburg;Baden-Württemberg
5226;19870611;20011117;708;47.953;10.9151;Vilgertshofen;Bayern
5244;19760501;19810531;220;49.2581;6.8612;Völklingen-Stadt;Saarland
5245;19760101;19920229;187;49.2495;6.8804;Völklingen (Kraftwerk-Fenne);Saarland
5249;19871208;19901231;464;47.95;12.1833;Vogtareuth (A);Bayern
5289;19830101;20050930;595;48.4918;8.5612;Waldachtal-Lützenhardt;Baden-Württemberg
5306;19830101;20031210;940;48.9293;13.4641;Waldhäuser (National Park);Bayern
5308;19700409;19861231;72;52.8009;10.7562;Waldhof (Lüneburger Heide UBA);Niedersachsen
5319;19810801;20240423;576;47.9167;9.7076;Waldsee, Bad-Reute;Baden-Württemberg
5327;19810714;20240423;404;49.5789;9.3975;Walldürn;Baden-Württemberg
5412;19910531;20240423;771;47.6802;8.1964;Weilheim-Bierbronnen;Baden-Württemberg
5515;19650101;19861231;12;54.9231;8.308;Westerland (UBA);Schleswig-Holstein
5560;19771101;20030629;740;48.7501;8.5365;Wildbad, Bad-Sommerberg;Baden-Württemberg
5564;19750101;19920331;88;51.1167;6.2167;Wildenrath;Nordrhein-Westfalen
5582;19841101;20051231;580;51.294;8.6026;Willingen/Upland;Hessen
5675;19780801;19880831;56;52.4411;10.7587;Wolfsburg;Niedersachsen
5841;19770301;19790228;600;48.6667;8.4667;Enzklösterle (A);Baden-Württemberg
5851;19970312;20240423;392;51.0806;8.8769;Frankenberg-Geismar;Hessen
5877;19970310;20240423;5;54.316;10.8002;Putlos;Schleswig-Holstein
6091;19971008;20240423;14;53.7674;7.6721;Spiekeroog (SWN);Niedersachsen
6096;19980717;20240423;416;49.1423;10.7301;Altmühlsee;Bayern
6097;19981104;20240423;4;54.4738;12.5014;Darßer Ort (SWN);Mecklenburg-Vorpommern
6098;20000503;20100430;398;47.8147;9.0237;Stockach-Espasingen;Baden-Württemberg
6099;20000420;20240423;449;47.702;8.7318;Gailingen;Baden-Württemberg
6101;19991216;20240423;51;54.1323;11.6719;Bastorf-Kägsdorf (SWN);Mecklenburg-Vorpommern
6102;19990331;20240423;397;47.5396;9.6843;Lindau (SWN);Bayern
6103;20000606;20240423;923;47.4287;11.2616;Mittenwald/Obb.;Bayern
6106;20020630;20240423;62;53.3311;12.7149;Rechlin;Mecklenburg-Vorpommern
6107;19990414;20240423;703;47.8076;9.1035;Sipplingen (SWN);Baden-Württemberg
6108;20010627;20240423;7;53.7197;9.4192;Ruthenstrom;Niedersachsen
6136;19820801;19950430;220;50.7;8.3;Dillenburg-Niederscheld (Kläranlage);Hessen
6181;19870601;19921231;218;51.3154;9.4281;Kassel-Wilhelmshöhe;Hessen
6183;19760201;19891231;16;54.9101;8.3268;Westerland (Wind);Schleswig-Holstein
6189;19710101;19950831;34;53.1333;9.35;Rotenburg (Wümme) (Flugplatz);Niedersachsen
6196;20110519;20220405;611;50.1587;12.0386;Selb-Spielberg;Bayern
6211;19870610;20240423;464;47.955;12.1735;Vogtareuth (Kläranlage);Bayern
6221;19910903;19940630;6;53.5084;7.0781;Krummhörn (Hooge);Niedersachsen
6238;20011123;20170729;675;47.9946;11.269;Starnberg-Perchting;Bayern
6253;20011001;20240423;31;52.4228;12.5667;Brandenburg/Havel;Brandenburg
6277;19710101;19900430;66;52.4167;10.6667;Wolfsburg (Schleuse);Niedersachsen
7308;19850206;20180125;541;47.8847;11.154;Wielenbach;Bayern
7391;20120201;20240423;443;49.5561;8.9669;Oberzent-Beerfelden-Vogelherd;Hessen
7392;20080101;20240423;304;50.3332;10.4487;Aubstadt;Bayern
7416;20080911;20240423;541;51.0112;8.2733;Birkelbach;Nordrhein-Westfalen
10510;20090101;20240423;244;48.8059;9.5046;Winterbach/Remstal;Baden-Württemberg
13676;20100101;20240423;378;48.8608;12.0323;Langquaid-Oberschneidhart;Bayern
13693;20080611;20240423;70;51.9258;8.3111;Gütersloh/Ems;Nordrhein-Westfalen
13701;20080901;20240423;250;51.1945;9.9885;Eschwege-Eltmannshausen;Hessen
13900;19950101;20240423;145;50.2688;9.358;Soden,Bad-Salmünster (Kläranlage);Hessen
13901;19790201;20240423;41;51.7343;7.1998;Haltern (Wasserwerk);Nordrhein-Westfalen
13932;19870521;20240423;388;48.3617;13.1938;Rotthalmünster (Landwirtschaftsamt);Bayern
13952;20090201;20240423;278;51.4089;8.0094;Arnsberg-Müschede;Nordrhein-Westfalen
15044;20111001;20240423;199;50.4517;7.4058;Neuwied-Feldkirchen-Hüllenberg;Rheinland-Pfalz
15120;20120301;20240423;379;51.5572;8.7019;Haaren;Nordrhein-Westfalen
15122;20120401;20240423;380;49.52;10.2854;Ergersheim-Neuherberg;Bayern
15189;20130501;20240423;12;53.8281;12.5936;Sukow-Levitzow;Mecklenburg-Vorpommern
15190;20180701;20240423;18;51.6802;6.4349;Xanten (Wasserwerk);Nordrhein-Westfalen
15200;20130601;20240423;327;51.2531;7.2157;Wuppertal;Nordrhein-Westfalen
15214;20131101;20240423;808;47.6248;10.8075;Halblech-Bayerniederhofen;Bayern
15520;20150901;20240423;656;47.819;12.2956;Frasdorf-Greimelberg;Bayern
15547;20161001;20240423;215;49.1259;9.1428;Heilbronn/Neckar;Baden-Württemberg
15801;20201001;20240423;718;48.8257;13.5922;Hinterschmiding-Sonndorf;Bayern
15911;20210601;20240423;278;51.1348;14.4343;Großpostwitz-Denkwitz;Sachsen
15976;20200402;20240423;216;49.9529;8.2107;Ober-Olm/Bellem;Rheinland-Pfalz
15978;20200402;20240423;316;49.5044;7.8618;Sembach;Rheinland-Pfalz
19243;20240101;20240423;8;54.6831;8.4721;Föhr;Schleswig-Holstein
19317;19740101;19810630;486;48.2333;11.5667;Oberschleißheim/Flugplatz;Bayern
19576;20230901;20230908;249;49.8044;8.8582;Reinheim-Hundertmorgen;Hessen
19580;19750701;20051031;471;48.4951;9.4003;Urach, Bad/Erms;Baden-Württemberg
19581;19770601;20041231;600;48.6671;8.47;Enzklösterle/Schwarzwald;Baden-Württemberg
19582;19760701;20010831;754;48.1419;8.4255;Königsfeld;Baden-Württemberg
